{
  "levels": [
    {
      "inputs": [
        0,
        0,
        0.2251884309032346,
        1,
        0,
        0,
        1,
        0,
        0
      ],
      "outputs": [
        0,
        1,
        0,
        1,
        1,
        1,
        0,
        0,
        0,
        0,
        1,
        0,
        0,
        0,
        1,
        1
      ],
      "weights": [
        [
          -0.21974970987240997,
          0.6964002492761452,
          -0.4528441370014342,
          0.189968313777196,
          0.5779053441437922,
          0.5645609654782657,
          0.4147914603695608,
          -0.654461320916101,
          0.780139518511027,
          -0.026354234981031642,
          -0.6102399278480183,
          0.6445056408299544,
          -0.6045681607006098,
          0.5411242515592705,
          0.1487931834368708,
          -0.1808671859838221
        ],
        [
          0.02844330504051365,
          -0.09725012692299187,
          -0.025486177908457572,
          0.2703990003058438,
          -0.48893293813749816,
          0.028574902218626075,
          0.20046436386052713,
          -0.480928748509363,
          0.5648030696290661,
          -0.03893910364485083,
          0.47030579014890916,
          -0.36431692378748676,
          -0.0021029930096818916,
          -0.3788386903854614,
          0.6078314236790573,
          0.5277406169858262
        ],
        [
          0.01858230969688139,
          0.6337879445889983,
          -0.24740095363938963,
          0.5068549086347738,
          -0.35774636393465187,
          -0.20047690927936646,
          -0.3482097688706407,
          0.22776340803786937,
          0.3951392246430421,
          -0.37642109058584916,
          -0.25457766276753724,
          -0.20602494520413805,
          0.25950123628323796,
          -0.5033259895821224,
          0.02491159192477424,
          -0.6470401398065666
        ],
        [
          -0.6693826218948123,
          0.2913596093205474,
          0.29433720119807527,
          -0.3921810918600268,
          0.16515555380182956,
          0.49318837807574584,
          -0.2806805562931568,
          -0.4121507831561999,
          0.13144581518584797,
          -0.5363450994356278,
          0.03553213944670954,
          0.38553362085972864,
          0.1421794674995176,
          0.21034666474106412,
          0.4901764326403603,
          -0.14541261236595268
        ],
        [
          -0.2461443453735192,
          -0.29518841844622706,
          -0.3733347052739331,
          -0.031113255312755626,
          -0.17894208762813502,
          0.5766408141112898,
          0.03751659667954863,
          0.5982281665047438,
          -0.3830394885326769,
          -0.7310536264148695,
          -0.6309115078870151,
          0.4042838337566083,
          0.3915206350859574,
          -0.6235858208506295,
          0.2190721549551617,
          -0.3234235856816352
        ],
        [
          0.7525826703002123,
          -0.16038956422283335,
          -0.3154520341774855,
          0.06627547492947525,
          0.04958520941935535,
          0.05060885102706906,
          -0.3265209647461515,
          0.5133162906771606,
          0.347821867793221,
          0.4752219128820586,
          -0.07374184565040662,
          -0.4325866968773288,
          0.17974041880972563,
          0.44898998234438076,
          0.65067137096128,
          0.2200428575854385
        ],
        [
          0.00022250483707485919,
          0.49594663119465954,
          0.12328014409026021,
          0.24525940656811657,
          0.08527979356958365,
          0.14731926830225014,
          0.20405071019830512,
          -0.5014953372156763,
          -0.6541807948513884,
          0.439597105451469,
          0.6142795137065838,
          -0.05604379704564569,
          -0.3347562407856752,
          -0.6097288617640079,
          0.5651114689373401,
          0.38301627369614366
        ],
        [
          -0.6610378678041058,
          0.08262148664969114,
          -0.6332173645913345,
          0.35653718693550007,
          -0.5362820571600458,
          0.469702377100155,
          0.23874041325377027,
          -0.032428832891838136,
          -0.34625469748099535,
          0.25346700177086584,
          0.1897697581719526,
          0.3841851229915666,
          0.5831881927025075,
          0.7489538377598628,
          -0.7199349355263982,
          0.5204536173930399
        ],
        [
          0.10190210716230959,
          0.17310575201882328,
          0.3581786458120861,
          0.28099605858306004,
          -0.2996803634447195,
          0.3403370399778628,
          0.26717563504036246,
          -0.12837909250958,
          0.31417819043204026,
          0.1824425110752204,
          0.46634455721458706,
          0.162585397033277,
          -0.6620953441938333,
          -0.5987707914756093,
          -0.609090324299686,
          0.5242939228990235
        ]
      ],
      "biases": [
        0.5555237679866809,
        0.155301798407656,
        0.5904543332438381,
        -0.43002707554965447,
        -0.22956786155060743,
        0.2005258922153993,
        0.10404588675349438,
        0.1849277750646701,
        0.46286485989323456,
        0.3848347680974588,
        0.3278092936513475,
        0.45690451341221183,
        0.6476033636363181,
        0.25117349775001363,
        -0.2874725106854529,
        -0.24202870840412394
      ]
    },
    {
      "inputs": [
        0,
        1,
        0,
        1,
        1,
        1,
        0,
        0,
        0,
        0,
        1,
        0,
        0,
        0,
        1,
        1
      ],
      "outputs": [
        1,
        0,
        0,
        0,
        0,
        1,
        1,
        1
      ],