{
  "levels": [
    {
      "inputs": [
        0,
        0.2883228802263602,
        0.46734714484082374,
        1,
        0,
        0,
        0,
        -1,
        -1
      ],
      "outputs": [
        1,
        1,
        0,
        0,
        1,
        1,
        0,
        1,
        1,
        1,
        1,
        0,
        1,
        0,
        0,
        1
      ],
      "weights": [
        [
          0.5165429185914621,
          0.30828341749735005,
          -0.35805903765454966,
          0.30543115022534745,
          0.08988373161357954,
          -0.36988790162531326,
          0.7848183548970239,
          0.6154348033854715,
          -0.34204252236148713,
          -0.4649723725950975,
          -0.7409288783411052,
          0.25683025021583944,
          -0.8872339868175394,
          -0.7223541333513128,
          -0.6457980940843678,
          0.6312659260162867
        ],
        [
          -0.06034457718837948,
          0.4047435726232907,
          -0.6907778958335753,
          -0.1279626622928844,
          -0.25135382028692327,
          -0.7064578983602083,
          0.7253120525582396,
          0.08508719578481821,
          -0.14674132433119455,
          -0.1772257048543041,
          -0.04655299731542315,
          0.4045812981678498,
          0.05901412519804648,
          -0.5773754264602564,
          0.4933210668674014,
          -0.7671512154612861
        ],
        [
          0.0367728575836518,
          0.7243877154218701,
          0.7994099909617732,
          0.18542133711260536,
          -0.6254777767719444,
          0.010827926122555431,
          0.6421719388680338,
          0.7524247156156224,
          0.4194911504176004,
          0.8002302224361283,
          0.06549317755812677,
          0.4531128627452101,
          0.4765730836882821,
          0.2617212301968033,
          -0.6403853328227945,
          -0.6452298243982024
        ],
        [
          -0.08011923257446035,
          -0.21688158178520647,
          -0.6264166497046529,
          -0.6173756810562292,
          0.3526128927266683,
          -0.11291858516943726,
          -0.207225565578396,
          0.15368868499135346,
          0.20699507863773806,
          0.2936786570975451,
          0.32362754410111233,
          0.11959409903605195,
          0.34700100509183085,
          -0.6295935376572437,
          -0.460107081219569,
          0.17093081341445132
        ],
        [
          -0.08257380745147129,
          -0.6451923513964206,
          -0.09681683787291451,
          0.05402270055414678,
          -0.4448151539150944,
          0.6196392540440274,
          0.7668000880125654,
          -0.13681047660075574,
          -0.026302534949264572,
          -0.6732300035638928,
          -0.5415342014436538,
          -0.09988910974778432,
          -0.6078161358591049,
          -0.14969800198314198,
          0.145571292090737,
          0.4997838452502257
        ],
        [
          -0.09176412496259152,
          0.5326195295621347,
          -0.6737831096468433,
          0.4789454673379767,
          0.09668604900213067,
          0.5499507620686358,
          -0.6145914071207272,
          -0.2092129976263517,
          0.30600035330771186,
          0.1471593610790467,
          0.46694967329562187,
          -0.5042825433353599,
          -0.052131438692674927,
          -0.1226334586970003,
          -0.5780634266337673,
          -0.17988009058532395
        ],
        [
          -0.6437304978398605,
          0.8317998880015705,
          -0.2750638801288558,
          -0.5579000063773316,
          0.34350972701614124,
          0.7231764908682402,
          -0.46913519205297,
          -0.7087564830378656,
          -0.043959495672441104,
          -0.6174813563302839,
          0.7662787473607514,
          -0.1482635247305648,
          -0.6717909528876361,
          -0.046407106926855235,
          -0.8360802923651992,
          0.04972365595185987
        ],
        [
          -0.5338562754614408,
          -0.7856211937308748,
          0.45335863066282533,
          0.3825152113284715,
          -0.33278435057890426,
          -0.8119601186833264,
          0.7219752492651976,
          -0.4467465770058053,
          -0.20571254948436107,
          -0.7596817703289064,
          0.4218585467075846,
          0.4014033660400366,
          0.5718319913408711,
          -0.5059786557491365,
          0.1703739484199749,
          -0.21216272327915175
        ],
        [
          -0.5109674025166506,
          -0.5432209569556065,
          0.17511701826697146,
          0.18911044032029434,
          -0.281071378584609,
          0.34494479707703296,
          -0.39760611782101546,
          -0.06981170473319391,
          -0.3367127579594289,
          0.011403382580549789,
          0.03111798976941968,
          -0.05318543072605813,
          -0.41129972805723153,
          -0.2760387340364079,
          -0.5364125391958434,
          -0.6378865189204364
        ]
      ],
      "biases": [
        0.18871742444579975,
        -0.5339417121873324,
        0.3097114402785218,
        0.6236271147204253,
        -0.4915918141113802,
        -0.37517668863566744,
        0.4745056994839744,
        0.5854039937904898,
        -0.19450270755386778,
        -0.2964717862551551,
        -0.45786814633658446,
        0.4924580429947577,
        -0.08199513541716522,
        0.71893978674143,
        0.3900149529955358,
        -0.08367308790322632
      ]
    },
    {
      "inputs": [
        1,
        1,
        0,
        0,
        1,
        1,
        0,
        1,
        1,
        1,
        1,
        0,
        1,
        0,
        0,
        1
      ],
      "outputs": [
        0,
        0,
        1,
        0,
        1,
        0,
        1,
        0
      ],