{
  "levels": [
    {
      "inputs": [
        0,
        0,
        0.5654234213816806,
        1,
        0,
        1,
        0,
        -1,
        -1
      ],
      "outputs": [
        1,
        0,
        0,
        1,
        0,
        0,
        0,
        0,
        0,
        1,
        1,
        1,
        1,
        1,
        0,
        0
      ],
      "weights": [
        [
          -0.9077230714649192,
          0.412917095089267,
          -0.2691517881337504,
          0.2990087751315676,
          0.2316135211937696,
          0.10022796104871276,
          0.7088171710188148,
          -0.3031150357686437,
          0.18273088578066454,
          -0.20001667029789633,
          -0.15420647515086003,
          -0.8820569306799627,
          0.07734317063321507,
          -0.5906593448650124,
          0.32856041216600473,
          0.30436302562187734
        ],
        [
          0.7382662590599256,
          0.28977609529643494,
          -0.3982903068762077,
          -0.8110835422648806,
          -0.7907173242725011,
          0.08642028571254237,
          -0.6350479912456238,
          0.2471460819120714,
          0.7780943567187797,
          0.2927094009958734,
          -0.04192839714159488,
          -0.4074083914041545,
          -0.7722893019815934,
          0.6219221640414616,
          0.6467807233803412,
          -0.29592262133771685
        ],
        [
          0.5659338433549667,
          0.4306267216485503,
          -0.4410416569184764,
          -0.023638170581315406,
          -0.4394983244429806,
          -0.0645437894242594,
          0.726250945983452,
          -0.4713325471400214,
          0.3819869512351192,
          0.9027034527258498,
          -0.6142165042906204,
          0.31219700164832354,
          -0.5824052536346371,
          -0.7395940882423109,
          0.011861761551892627,
          0.19312159442903173
        ],
        [
          0.4727956925698035,
          -0.45319420304469754,
          0.1947210518315609,
          0.05388551302334477,
          0.43734898021669627,
          -0.6504830491984704,
          -0.8570393849037004,
          0.5566353712058951,
          -0.35565384864142063,
          -0.24581908229239063,
          0.031269257203425105,
          0.21690193974559652,
          0.6821437200031636,
          0.5724637628533678,
          -0.46115094225328274,
          -0.5679671433988973
        ],
        [
          0.37246802916500915,
          0.7789612690352241,
          0.5914293262577038,
          -0.6464911437479693,
          -0.8255986302307757,
          -0.8342863926936861,
          -0.6719500162010874,
          0.6522637953106585,
          -0.5907825857611455,
          -0.9343012869812264,
          -0.19850867900738206,
          -0.5874325966083584,
          0.7960317210928511,
          0.5224111703236419,
          -0.33668008490254886,
          -0.017086131139969866
        ],
        [
          0.46556476255877693,
          -0.9567072374544614,
          -0.5218863106447951,
          0.6724999382895548,
          0.021292254608183125,
          0.40655777917711594,
          0.136898166161031,
          -0.21545244870382213,
          0.31820363016387043,
          -0.47866422920268586,
          0.7081060091249824,
          0.5434423208852407,
          -0.31714344918359527,
          0.1319580773211354,
          0.3238392425515983,
          0.3577051837769811
        ],
        [
          0.9596649545523733,
          0.5576883797727296,
          -0.3434754828565794,
          0.35798488851995247,
          -0.5901258689539601,
          -0.19150237028732636,
          -0.34326833427654785,
          0.050603304812185584,
          -0.9170530421460819,
          0.7904482011615621,
          -0.015219557860416802,
          -0.08025442327904339,
          0.7481444295254915,
          0.581243372972239,
          -0.6876790708702915,
          0.8708060426495641
        ],
        [
          0.28758931587387987,
          0.9101010925592835,
          -0.08855930698289927,
          -0.16250350608497968,
          0.14449169828831152,
          0.047447476390952814,
          -0.5224478044116738,
          -0.44626816061675495,
          -0.15625943127781114,
          -0.8059559476940715,
          0.7760404459496094,
          -0.669423411142684,
          -0.6183638491251163,
          -0.5673471557199995,
          0.5036542391900622,
          0.6375968009177235
        ],
        [
          0.29706004876640524,
          0.03478716883511315,
          0.5474832022322789,
          0.3797098284830326,
          0.6765460974313476,
          0.04655611661376098,
          -0.12183193123257077,
          0.14632990879766888,
          0.8147873069729038,
          -0.22059997560837438,
          -0.6979719686453801,
          -0.24061628115783346,
          -0.17658753815978506,
          -0.06305821041849444,
          0.5452473658471861,
          -0.3146919265842937
        ]
      ],
      "biases": [
        -0.04450155149819446,
        -0.8245948534628106,
        0.1554537009751586,
        0.20204119212016827,
        -0.08129926394523859,
        -0.13819360476780404,
        0.3947716349856808,
        0.7243437888229451,
        -0.08400831336524736,
        -0.8244447095025266,
        -0.08848361056417939,
        -0.5747571276367642,
        -0.678895668364466,
        -0.5129823078320991,
        0.3407559640151242,
        0.9245714786574797
      ]
    },
    {
      "inputs": [
        1,
        0,
        0,
        1,
        0,
        0,
        0,
        0,
        0,
        1,
        1,
        1,
        1,
        1,
        0,
        0
      ],
      "outputs": [
        0,
        1,
        0,
        1,
        0,
        1,
        0,
        1
      ],