{
    "levels": [
        {
            "inputs": [
                0.6526517280952017,
                0,
                0,
                1,
                0,
                1,
                1
            ],
            "outputs": [
                0,
                1,
                0,
                0,
                1,
                1,
                0,
                0,
                1,
                0,
                0,
                0,
                0,
                1,
                0,
                1
            ],
            "weights": [
                [
                    -0.40919904199608403,
                    0.1337312640409755,
                    -0.5393129538861464,
                    -0.5794660385532696,
                    -0.08238716848959189,
                    -0.44400265484294854,
                    0.6875376468854408,
                    -0.1991354432070016,
                    -0.23832430492580603,
                    -0.3605868467635791,
                    0.6310959426548408,
                    -0.08935690751377702,
                    0.10404943989533957,
                    0.19619433080127904,
                    -0.4079519734022089,
                    0.46891022080257033
                ],
                [
                    -0.5380152751709846,
                    0.6048006931148636,
                    -0.47149577828120237,
                    0.5682541463302213,
                    0.6780745434725585,
                    -0.31306014730566034,
                    0.5033084881982153,
                    0.6861495806568989,
                    -0.2583673791425802,
                    0.6331540082912909,
                    -0.5251350948230814,
                    0.6042422124947886,
                    0.6359033514807559,
                    -0.23971005815877122,
                    0.5932976255840476,
                    -0.33077284288923237
                ],
                [
                    -0.6621051530343043,
                    0.2273197971636514,
                    0.36356716732613686,
                    -0.4506163262921839,
                    -0.6722111123049108,
                    0.5013635708211357,
                    -0.4397719598564379,
                    0.4612126537771481,
                    -0.1406410525738195,
                    -0.20469494743250152,
                    -0.6296347551509504,
                    -0.09018223304277212,
                    0.4043023772750567,
                    0.6283043369709653,
                    -0.5872873984795927,
                    0.24142559269959646
                ],
                [
                    -0.7170267876363178,
                    -0.42809293365744755,
                    0.012631252387392836,
                    0.7218097635355532,
                    -0.3860840428845357,
                    -0.13204051067043993,
                    -0.589967953903316,
                    -0.27134660232945973,
                    -0.09671420162087846,
                    -0.7749011291877775,
                    0.14109417973245672,
                    -0.14705406474754637,
                    -0.7473158369143631,
                    -0.4744667020481757,
                    0.004054976273175409,
                    0.4467610175841261
                ],
                [
                    -0.40526898688837226,
                    -0.23704303615945052,
                    -0.7129422136731264,
                    -0.11643951464155573,
                    -0.34590833040924107,
                    -0.2591409584396357,
                    -0.08568010290783626,
                    -0.5571171879993121,
                    -0.7600901804045382,
                    0.3812310489145954,
                    -0.2557414998621036,
                    0.22250488035398683,
                    -0.3827569149598212,
                    -0.05069700831666936,
                    -0.1841844407814332,
                    -0.023161032006118992
                ],
                [
                    0.6018251238861085,
                    0.25476518940430115,
                    -0.35066681865265853,
                    -0.8082318517885989,
                    -0.39307741078848063,
                    0.5952057179618199,
                    -0.8135430213639349,
                    -0.0072015199155563495,
                    0.21690585354653433,
                    -0.5304180230657359,
                    -0.43857467012635504,
                    0.7033642177701255,
                    -0.6846025476010345,
                    -0.27933535442306284,
                    0.3034372833178689,
                    -0.1467986464309115
                ],
                [
                    -0.7411383451707811,
                    0.4121905897946639,
                    -0.6897858824651575,
                    -0.3227594835907725,
                    0.48604078206300505,
                    0.5186789701524408,
                    -0.5630362264836953,
                    -0.3597258175777789,
                    0.7134248407810723,
                    0.6199239675804752,
                    -0.29516387464902955,
                    -0.5012572109713982,
                    -0.3328856914978054,
                    0.2938470075336096,
                    -0.17013324639075353,
                    0.3228690632920248
                ]
            ],
            "biases": [
                0.4344984696724771,
                -0.6308695258699841,
                0.5776167425684374,
                -0.13433096712622047,
                -0.5628758830945815,
                0.12047537125913556,
                0.11557415859893973,
                0.3224669500065823,
                0.058267215745563004,
                -0.3365139477146717,
                -0.17672486147462813,
                0.18496919853741056,
                0.5706585206820917,
                -0.39905996168013336,
                0.36132243870762215,
                -0.2246466040065686
            ]
        },
        {
            "inputs": [
                0,
                1,
                0,
                0,
                1,
                1,
                0,
                0,
                1,
                0,
                0,
                0,
                0,
                1,
                0,
                1
            ],
            "outputs": [
                0,
                1,
                0,
                0,
                0,
                0,
                1,
                0
            ],