{
  "levels": [
    {
      "inputs": [
        0,
        0,
        0,
        1,
        0,
        1,
        0,
        -1,
        -1
      ],
      "outputs": [
        1,
        1,
        0,
        1,
        1,
        0,
        1,
        0,
        0,
        0,
        0,
        1,
        1,
        0,
        0,
        1
      ],
      "weights": [
        [
          -0.332745777000387,
          0.005646841440699435,
          0.03997860343110138,
          -0.4007242982546542,
          -0.23165615454819263,
          -0.05650469366564803,
          -0.35696271436662974,
          0.3048334835908543,
          0.311386511755919,
          -0.4979506834686278,
          0.1863227311900031,
          -0.17588404845443056,
          0.5436245894789149,
          0.5631448503958381,
          0.6086977228684735,
          0.26598616981969697
        ],
        [
          -0.34272354612862255,
          0.35014009066904395,
          -0.25156323187862234,
          -0.1983856430629674,
          0.28048354638390216,
          -0.12254582583600579,
          0.08006953921935278,
          0.2447927122177735,
          -0.30191356811990017,
          0.5876377187594075,
          -0.32912869192297345,
          -0.49409518064045976,
          0.21495761108219322,
          0.38894128111957094,
          0.40764698566316987,
          0.23796672671183422
        ],
        [
          -0.8965947972335254,
          -0.5686384324154803,
          -0.2698437233619838,
          0.06909959529118265,
          0.2627216806948135,
          0.33711447637961106,
          -0.12899959318656412,
          0.33778429861913406,
          0.5100587363658098,
          0.13239762339848835,
          0.032535100519499774,
          0.4227536601481269,
          -0.4779798358770151,
          -0.3596253150348113,
          0.4674384813589304,
          -0.4750813253694487
        ],
        [
          -0.6033542987338607,
          -0.27738908983604,
          -0.310765767244314,
          0.41566290790955274,
          0.06732174940391684,
          -0.478063348872812,
          0.5008624126212455,
          -0.19034587960138838,
          0.21394900331280198,
          -0.5139447561905448,
          -0.719340266750151,
          0.5613945123315033,
          0.4193581117117691,
          -0.39035467609838126,
          -0.026388716987161276,
          0.07647136307516322
        ],
        [
          0.4474451370745197,
          0.03455787369202632,
          0.351411326546281,
          -0.6140934888205649,
          -0.2438507370555597,
          0.12570337254301317,
          -0.5607183923433262,
          -0.5595486964187529,
          0.4289832622367209,
          -0.23143377888898176,
          0.05794151358742705,
          0.5474090093295323,
          -0.43204935269876005,
          -0.6798240438229178,
          -0.34866516231304223,
          -0.19013034585966504
        ],
        [
          -0.44665722528888185,
          -0.5018896276806848,
          -0.47979733270473424,
          0.3073844557319233,
          0.11694410210783049,
          -0.1804880239611743,
          0.5749920815873193,
          0.8219734042076549,
          -0.5345556452498808,
          -0.05792508774650698,
          -0.07521559978980642,
          0.4871608606143625,
          0.5869441003180698,
          -0.091545825817122,
          0.13723279937319732,
          0.5726936536125569
        ],
        [
          0.0263265923851419,
          0.8138470096856046,
          0.5396522382109669,
          -0.34764644023853664,
          0.3799932344150877,
          -0.629191559072293,
          -0.6161980413511371,
          -0.19768037699338067,
          0.4096183255275278,
          0.331256791694792,
          -0.749314024342555,
          0.5411703908952752,
          0.04061151311046712,
          0.13485353420325874,
          0.07778927485097911,
          0.399268564416871
        ],
        [
          -0.49481404014430225,
          -0.5469218065598145,
          0.6044814120768067,
          -0.5965945365317729,
          0.3165463795015756,
          0.5262111679071004,
          -0.632365853372025,
          -0.2810037953986418,
          0.4412926501720022,
          -0.6427272951480785,
          0.47031678483492445,
          0.3266527288926344,
          0.29272880747123164,
          -0.21970059852054372,
          0.7299188135569608,
          0.6580883055743167
        ],
        [
          -0.5462438415626348,
          -0.5121794109059086,
          0.29058956702498645,
          0.09419546742391594,
          0.343642721533711,
          -0.15203564176623238,
          0.7025415670795649,
          0.5804846256908973,
          -0.020877325487189874,
          0.14097801607259236,
          -0.8019404542920596,
          -0.46461206910988107,
          0.06490323734300174,
          -0.06347699046648185,
          0.14185789398364418,
          0.3522759596077882
        ]
      ],
      "biases": [
        -0.2516769577837488,
        -0.16706771297107978,
        0.7900238828291901,
        -0.18942688225428544,
        -0.6157830475121641,
        -0.3048716886397497,
        0.5975865537315092,
        0.6484543457958443,
        -0.22348398928095303,
        0.4973553098669277,
        0.39182325412659275,
        0.058639303273176055,
        -0.47017189233576784,
        0.7172639710930417,
        -0.3096113614918051,
        -0.41601687560599987
      ]
    },
    {
      "inputs": [
        1,
        1,
        0,
        1,
        1,
        0,
        1,
        0,
        0,
        0,
        0,
        1,
        1,
        0,
        0,
        1
      ],
      "outputs": [
        0,
        1,
        0,
        1,
        0,
        1,
        0,
        0
      ],