{
  "levels": [
    {
      "inputs": [
        0,
        0.4485970522514884,
        0,
        1,
        0,
        1,
        0,
        -1,
        -1
      ],
      "outputs": [
        1,
        0,
        0,
        0,
        0,
        0,
        0,
        0,
        0,
        1,
        1,
        1,
        1,
        1,
        0,
        0
      ],
      "weights": [
        [
          -0.7314873285931225,
          0.32441224396173535,
          -0.13367344973156953,
          0.15490292047883508,
          0.009836487533827251,
          0.11486599556222162,
          0.38752584253794026,
          -0.13334032422365483,
          0.10416065290349204,
          -0.1850813915186212,
          -0.1714809553248554,
          -0.40988908983155115,
          0.07651278775083428,
          -0.28793177918452545,
          0.3056478229409378,
          0.35717866197777953
        ],
        [
          0.41218449918575845,
          0.25091992782285566,
          -0.18933272224832146,
          -0.6603065076424177,
          -0.560636164320786,
          0.024621924770826285,
          -0.2897960998623196,
          -0.035310692741203284,
          0.6647995721912328,
          0.16855079231770234,
          -0.1318395303306351,
          -0.36423602768342994,
          -0.692448305155431,
          0.34676284380920447,
          0.43682435413519133,
          -0.11725296805362548
        ],
        [
          0.41708741030987967,
          0.3101935923620018,
          -0.260044515932851,
          -0.05227639259875974,
          -0.3675192353623105,
          -0.13719167479603564,
          0.3978008369817829,
          -0.2414882292247124,
          0.19591539042663408,
          0.39919878477495635,
          -0.3139780365629221,
          0.19994579771528964,
          -0.39251307149325415,
          -0.5813568112303268,
          0.01814247104137711,
          0.2847880889529386
        ],
        [
          0.35878459309039334,
          -0.25144285678248984,
          0.11424042490572275,
          -0.09268882800575014,
          0.3168164257441615,
          -0.5975519919544169,
          -0.5621018974256113,
          0.26152175625952556,
          -0.33544807873848165,
          -0.006811961597148211,
          0.12919703249539863,
          0.11159366937173357,
          0.5711184478099266,
          0.41568515177636467,
          -0.4019717179652203,
          -0.34369871558225296
        ],
        [
          0.4622294477031912,
          0.5057958387056204,
          0.4431504693232606,
          -0.4810970180641785,
          -0.47543130128223643,
          -0.4795333195662273,
          -0.4148334766542427,
          0.3824502950734774,
          -0.3779931740555131,
          -0.43035490722181313,
          -0.15512864023209105,
          -0.26252763322863115,
          0.6243601377178234,
          0.34186723366630245,
          -0.34579498271843623,
          -0.0359322632179032
        ],
        [
          0.36491734827892114,
          -0.7142786968320657,
          -0.3955310325204714,
          0.3462874278010468,
          0.08044789120845555,
          0.13059891485405362,
          0.11059185323261261,
          -0.08641136831928282,
          0.25984456065731376,
          -0.3083156595277204,
          0.5537209760609609,
          0.35296899591761266,
          -0.2545644366030296,
          0.07197243045673057,
          0.10660443652129431,
          0.35998983197799533
        ],
        [
          0.6093745909191961,
          0.26459404380068585,
          -0.2710760691137814,
          0.15973869482438532,
          -0.5419662963882372,
          -0.03180384416219058,
          -0.323592269404846,
          -0.11970531209826224,
          -0.5838332321096528,
          0.4098113624402344,
          0.016372762958946074,
          -0.043685669441097974,
          0.5115372926016863,
          0.2151378389754217,
          -0.46017736388909924,
          0.5164069680530706
        ],
        [
          0.3347547154369647,
          0.4728791098734189,
          -0.07777947892540599,
          -0.11844042223058499,
          0.14537420057716896,
          0.012287316102858875,
          -0.40896315075732176,
          -0.3502706314005773,
          -0.17282785414793952,
          -0.6610938558598366,
          0.6201446001217799,
          -0.3157530189024617,
          -0.33119892162281384,
          -0.3775886533001123,
          0.24840029564037627,
          0.44283360977733477
        ],
        [
          0.15486747575870166,
          -0.008406937835004093,
          0.33003230639212233,
          0.16243550596546735,
          0.48622156663998106,
          0.01941089725812621,
          -0.027844887309651616,
          0.00450764653552109,
          0.6596873218089702,
          -0.392817673733271,
          -0.4669748131454319,
          -0.0806341336546869,
          -0.2199590503646365,
          -0.01660036492141374,
          0.41473848260843466,
          -0.2642322835267183
        ]
      ],
      "biases": [
        -0.016954237144990673,
        -0.704347240435798,
        0.08130442871672791,
        0.19649044909310995,
        -0.08450299253995637,
        -0.061837406688805885,
        0.33051231440135365,
        0.5072146969476681,
        -0.1950346201963016,
        -0.579920223895228,
        -0.010448409666223294,
        -0.23617027863313503,
        -0.5448864601074969,
        -0.31794931937166004,
        0.41994300813077357,
        0.637700457400584
      ]
    },
    {
      "inputs": [
        1,
        0,
        0,
        0,
        0,
        0,
        0,
        0,
        0,
        1,
        1,
        1,
        1,
        1,
        0,
        0
      ],
      "outputs": [
        0,
        1,
        0,
        1,
        0,
        1,
        0,
        1
      ],